customer_id,date,units_consumed,is_theft
0,2026-04-22,14.80746128584275,0
0,2026-04-21,17.609146719020348,0
0,2026-04-20,17.523876143064836,0
0,2026-04-19,20.18116900767084,0
0,2026-04-18,19.128539955814638,0
0,2026-04-17,15.219978403306163,0
0,2026-04-16,12.847492678775012,0
0,2026-04-15,16.432767914593647,0
0,2026-04-14,17.22784662209149,0
0,2026-04-13,20.20808189233424,0
0,2026-04-12,14.797826594909628,0
0,2026-04-11,14.923159620333223,0
0,2026-04-10,20.792471543439788,0
0,2026-04-09,21.219270983021485,0
0,2026-04-08,13.791779935185735,0
1,2026-04-22,18.18786058877181,0
1,2026-04-21,12.547237675961256,0
1,2026-04-20,11.465908856976002,0
1,2026-04-19,14.760022440157442,0
1,2026-04-18,10.278987841951976,0
1,2026-04-17,10.890010536217998,0
1,2026-04-16,12.805508423671451,0
1,2026-04-15,13.150748617583153,0
1,2026-04-14,8.489485663974195,0
1,2026-04-13,11.044830018149272,0
1,2026-04-12,13.5818127290665,0
1,2026-04-11,8.738668926700797,0
1,2026-04-10,9.85138425097249,0
1,2026-04-09,11.699136459208113,0
1,2026-04-08,11.861346090871228,0
2,2026-04-22,10.163225733734812,0
2,2026-04-21,9.57276744503378,0
2,2026-04-20,10.310313723778059,0
2,2026-04-19,5.316229691490438,0
2,2026-04-18,9.264872225614026,0
2,2026-04-17,5.941972773577029,0
2,2026-04-16,8.734562323620649,0
2,2026-04-15,9.720085608276841,0
2,2026-04-14,9.17054383683159,0
2,2026-04-13,8.37866018495698,0
2,2026-04-12,9.036627890123654,0
2,2026-04-11,6.277807610557569,0
2,2026-04-10,11.990504486517398,0
2,2026-04-09,7.0360034157881985,0
2,2026-04-08,7.293631654271567,0
3,2026-04-22,24.68674053752878,1
3,2026-04-21,4.926732680765554,1
3,2026-04-20,15.516044254330268,1
3,2026-04-19,3.995979583910108,1
3,2026-04-18,17.886917922256153,1
3,2026-04-17,19.417996471071167,1
3,2026-04-16,59.456859061160266,1
3,2026-04-15,59.483528866665814,1
3,2026-04-14,15.965404627755564,1
3,2026-04-13,25.480555260793736,1
3,2026-04-12,21.48230182003033,1
3,2026-04-11,21.207458398921165,1
3,2026-04-10,18.963519445053794,1
3,2026-04-09,17.276474368792467,1
3,2026-04-08,22.766106802117495,1
4,2026-04-22,16.447230488081278,1
4,2026-04-21,10.940175341779545,1
4,2026-04-20,1.4751975709045475,1
4,2026-04-19,14.384856697931143,1
4,2026-04-18,6.170144340446556,1
4,2026-04-17,1.761942657624866,1
4,2026-04-16,17.842952156587415,1
4,2026-04-15,20.117122731014376,1
4,2026-04-14,6.862714443552945,1
4,2026-04-13,38.97395064115501,1
4,2026-04-12,15.216614268767158,1
4,2026-04-11,15.741844437789851,1
4,2026-04-10,5.111957064941079,1
4,2026-04-09,36.44955761141017,1
4,2026-04-08,14.511883016298064,1
5,2026-04-22,10.38174578666263,0
5,2026-04-21,10.477815974405873,0
5,2026-04-20,9.842241047001693,0
5,2026-04-19,9.21395633247136,0
5,2026-04-18,9.404994328691583,0
5,2026-04-17,5.912696091389241,0
5,2026-04-16,11.316796736132936,0
5,2026-04-15,5.788476751005297,0
5,2026-04-14,11.203045526333979,0
5,2026-04-13,9.391831969530525,0
5,2026-04-12,9.060817456983104,0
5,2026-04-11,12.198577376598092,0
5,2026-04-10,4.969245834405038,0
5,2026-04-09,7.867983849300903,0
5,2026-04-08,12.904852865670577,0
6,2026-04-22,10.224132167921244,0
6,2026-04-21,3.2091983760133247,0
6,2026-04-20,5.231461304887325,0
6,2026-04-19,9.291141296812777,0
6,2026-04-18,2.480080641855875,0
6,2026-04-17,4.184119999874781,0
6,2026-04-16,9.444483220147486,0
6,2026-04-15,3.5010214615243416,0
6,2026-04-14,7.797083383236831,0
6,2026-04-13,6.924806535111299,0
6,2026-04-12,4.974735855493048,0
6,2026-04-11,9.901109942094202,0
6,2026-04-10,4.496136574178723,0
6,2026-04-09,4.77031423783134,0
6,2026-04-08,1.4277054508074574,0
7,2026-04-22,18.81434729622867,0
7,2026-04-21,17.35402532369735,0
7,2026-04-20,17.6229448554993,0
7,2026-04-19,12.597191842614022,0
7,2026-04-18,11.989939509981996,0
7,2026-04-17,17.66874221428258,0
7,2026-04-16,16.03886332782286,0
7,2026-04-15,14.158639480017937,0
7,2026-04-14,9.959319016159357,0
7,2026-04-13,13.143020268240505,0
7,2026-04-12,14.382213407922501,0
7,2026-04-11,10.998801761742193,0
7,2026-04-10,19.626377197115293,0
7,2026-04-09,14.487318643752321,0
7,2026-04-08,14.688931423978566,0
8,2026-04-22,15.845259159457378,0
8,2026-04-21,13.121370025471128,0
8,2026-04-20,13.954722659589372,0
8,2026-04-19,23.36668261947862,0
8,2026-04-18,20.812488999881026,0
8,2026-04-17,21.38046273041372,0
8,2026-04-16,20.68047169731699,0
8,2026-04-15,23.31905156456669,0
8,2026-04-14,14.34907554484409,0
8,2026-04-13,27.0990883094001,0
8,2026-04-12,23.57907270906501,0
8,2026-04-11,22.13318029702322,0
8,2026-04-10,17.941187032070708,0
8,2026-04-09,25.651726131677965,0
8,2026-04-08,25.348580489040593,0
9,2026-04-22,18.608451548336443,0
9,2026-04-21,20.818232687755,0
9,2026-04-20,18.78904440809045,0
9,2026-04-19,18.202877486917377,0
9,2026-04-18,23.648371632356078,0
9,2026-04-17,25.034254316217496,0
9,2026-04-16,28.985786212867968,0
9,2026-04-15,23.90934216590573,0
9,2026-04-14,22.95669159338552,0
9,2026-04-13,25.677534479040276,0
9,2026-04-12,23.14472449427405,0
9,2026-04-11,18.246271384246906,0
9,2026-04-10,25.109461094175046,0
9,2026-04-09,21.07878780758597,0
9,2026-04-08,21.43906598720582,0
10,2026-04-22,7.539985025884739,0
10,2026-04-21,9.976138440285702,0
10,2026-04-20,7.883926926923903,0
10,2026-04-19,7.564724050624612,0
10,2026-04-18,6.9270857909843135,0
10,2026-04-17,7.884649824734946,0
10,2026-04-16,9.4005225734305,0
10,2026-04-15,10.182491744690285,0
10,2026-04-14,7.753546428689114,0
10,2026-04-13,10.85635327620216,0
10,2026-04-12,8.535442129109747,0
10,2026-04-11,11.46828071448361,0
10,2026-04-10,9.813868676662333,0
10,2026-04-09,7.188276380037594,0
10,2026-04-08,15.33948806490598,0
11,2026-04-22,13.510691025566869,1
11,2026-04-21,6.257730155319643,1
11,2026-04-20,16.61150487397199,1
11,2026-04-19,2.5726409673131982,1
11,2026-04-18,1.9354942990563322,1
11,2026-04-17,12.534598662743582,1
11,2026-04-16,3.2439544941904916,1
11,2026-04-15,16.606372863253657,1
11,2026-04-14,4.382212950187157,1
11,2026-04-13,2.2420628814058117,1
11,2026-04-12,15.490030745513605,1
11,2026-04-11,38.619727635821334,1
11,2026-04-10,31.703578992476043,1
11,2026-04-09,68.14900251158689,1
11,2026-04-08,11.399670818171453,1
12,2026-04-22,2.0330685229499093,1
12,2026-04-21,3.43363685579689,1
12,2026-04-20,12.638517255359117,1
12,2026-04-19,9.976753376204787,1
12,2026-04-18,1.3176269541380747,1
12,2026-04-17,19.309390769136844,1
12,2026-04-16,3.6792044785097042,1
12,2026-04-15,12.161579672370708,1
12,2026-04-14,5.854121843672428,1
12,2026-04-13,27.19343958433624,1
12,2026-04-12,0.9337204501852658,1
12,2026-04-11,1.6228988537277138,1
12,2026-04-10,4.384949772740021,1
12,2026-04-09,2.7084517168975624,1
12,2026-04-08,6.50501645083195,1
13,2026-04-22,12.17841063029687,0
13,2026-04-21,6.30983540609731,0
13,2026-04-20,11.913088007540251,0
13,2026-04-19,13.556440007283829,0
13,2026-04-18,11.076695618763733,0
13,2026-04-17,13.717378995457294,0
13,2026-04-16,7.707530108425454,0
13,2026-04-15,8.9800979345754,0
13,2026-04-14,17.258958722101475,0
13,2026-04-13,10.055652189482236,0
13,2026-04-12,15.045509553148374,0
13,2026-04-11,5.143945766703895,0
13,2026-04-10,13.679039000287966,0
13,2026-04-09,10.386026928896385,0
13,2026-04-08,10.169122319959044,0
14,2026-04-22,19.425902642856766,0
14,2026-04-21,15.88948205972909,0
14,2026-04-20,13.376954419953963,0
14,2026-04-19,18.812802465471783,0
14,2026-04-18,18.74013714171264,0
14,2026-04-17,18.931890818918244,0
14,2026-04-16,16.731700314422383,0
14,2026-04-15,16.66973806453189,0
14,2026-04-14,14.962094332193658,0
14,2026-04-13,15.07673437489199,0
14,2026-04-12,20.428473651076835,0
14,2026-04-11,13.721656140510303,0
14,2026-04-10,17.695922886038584,0
14,2026-04-09,21.90496504064316,0
14,2026-04-08,13.649289316829009,0
15,2026-04-22,14.28678607780039,0
15,2026-04-21,12.109454651122553,0
15,2026-04-20,10.470889442575514,0
15,2026-04-19,11.745693716055031,0
15,2026-04-18,15.711488678201137,0
15,2026-04-17,13.963846242318526,0
15,2026-04-16,16.326931845169252,0
15,2026-04-15,10.360182176666134,0
15,2026-04-14,18.9442319502945,0
15,2026-04-13,10.033784864514173,0
15,2026-04-12,17.70510098992735,0
15,2026-04-11,15.902368304898722,0
15,2026-04-10,21.788570501783965,0
15,2026-04-09,10.520846250633559,0
15,2026-04-08,10.54695791979475,0
16,2026-04-22,10.404174984039788,0
16,2026-04-21,8.38721740408602,0
16,2026-04-20,6.06811351355995,0
16,2026-04-19,8.064215300897631,0
16,2026-04-18,6.026285999513593,0
16,2026-04-17,5.330447374004017,0
16,2026-04-16,4.6128315147462855,0
16,2026-04-15,9.832043270528043,0
16,2026-04-14,5.900019267984673,0
16,2026-04-13,7.609439903326655,0
16,2026-04-12,8.57785701725242,0
16,2026-04-11,6.212350709139105,0
16,2026-04-10,8.863126784287527,0
16,2026-04-09,5.802626482934377,0
16,2026-04-08,13.087778261787447,0
17,2026-04-22,21.293420086036306,0
17,2026-04-21,20.916178768004556,0
17,2026-04-20,14.697951633043166,0
17,2026-04-19,19.17610216150807,0
17,2026-04-18,21.598970619051528,0
17,2026-04-17,25.46261231249414,0
17,2026-04-16,19.552731465314135,0
17,2026-04-15,20.95959055574371,0
17,2026-04-14,19.966883733510894,0
17,2026-04-13,20.942139787825404,0
17,2026-04-12,20.532456878032658,0
17,2026-04-11,18.671401826098183,0
17,2026-04-10,23.203979961480886,0
17,2026-04-09,22.798531700750786,0
17,2026-04-08,18.35044373343098,0
18,2026-04-22,24.28511100499574,0
18,2026-04-21,22.045717830373274,0
18,2026-04-20,22.337448016792273,0
18,2026-04-19,22.355593136449492,0
18,2026-04-18,22.777538777335206,0
18,2026-04-17,25.953574838706498,0
18,2026-04-16,19.893380282084106,0
18,2026-04-15,20.128619181506743,0
18,2026-04-14,20.853612778402017,0
18,2026-04-13,18.044202751600128,0
18,2026-04-12,15.732308568823072,0
18,2026-04-11,21.63129818752225,0
18,2026-04-10,23.53323863778948,0
18,2026-04-09,28.884448927896024,0
18,2026-04-08,21.244109094398315,0
19,2026-04-22,2.8293539297827266,1
19,2026-04-21,12.283376161035665,1
19,2026-04-20,10.250688022951971,1
19,2026-04-19,12.612646767510483,1
19,2026-04-18,7.563774270357249,1
19,2026-04-17,3.117026726715178,1
19,2026-04-16,5.723677974404082,1
19,2026-04-15,17.604188956415417,1
19,2026-04-14,1.1263871231984777,1
19,2026-04-13,3.8064052998708617,1
19,2026-04-12,2.9862050292213396,1
19,2026-04-11,13.093693655824842,1
19,2026-04-10,2.213427096877118,1
19,2026-04-09,5.983105786283624,1
19,2026-04-08,1.8281565084493263,1
20,2026-04-22,7.369556360406429,1
20,2026-04-21,23.565678752252197,1
20,2026-04-20,15.630952355740646,1
20,2026-04-19,19.021011941206,1
20,2026-04-18,47.6209223175144,1
20,2026-04-17,13.88041226875392,1
20,2026-04-16,18.15212667367302,1
20,2026-04-15,2.7085807621329265,1
20,2026-04-14,18.643337667300262,1
20,2026-04-13,18.54591124567922,1
20,2026-04-12,5.522493291212412,1
20,2026-04-11,18.582227423219507,1
20,2026-04-10,15.41194698512926,1
20,2026-04-09,29.871055223337056,1
20,2026-04-08,17.114524675119444,1
21,2026-04-22,5.815549230535494,0
21,2026-04-21,11.784466235403304,0
21,2026-04-20,6.176836496521962,0
21,2026-04-19,6.550011153742313,0
21,2026-04-18,2.5059837238879448,0
21,2026-04-17,4.601185326431094,0
21,2026-04-16,8.26214850574153,0
21,2026-04-15,8.014151645048823,0
21,2026-04-14,3.7841903546044473,0
21,2026-04-13,4.70399259575913,0
21,2026-04-12,5.789006322037897,0
21,2026-04-11,4.224237147821507,0
21,2026-04-10,5.951964837809333,0
21,2026-04-09,2.510483917796545,0
21,2026-04-08,6.443541067861048,0
22,2026-04-22,19.100994100513926,1
22,2026-04-21,19.170929139228953,1
22,2026-04-20,15.961513981927723,1
22,2026-04-19,13.836698340305109,1
22,2026-04-18,2.682787452542544,1
22,2026-04-17,19.14788043247381,1
22,2026-04-16,9.814864550621206,1
22,2026-04-15,43.34905527186463,1
22,2026-04-14,18.739418116934264,1
22,2026-04-13,1.7507737314183922,1
22,2026-04-12,12.02083389130955,1
22,2026-04-11,2.177307934460011,1
22,2026-04-10,16.88601729316538,1
22,2026-04-09,14.496849419982041,1
22,2026-04-08,12.364745440285608,1
23,2026-04-22,23.750530435759927,0
23,2026-04-21,28.89318016811554,0
23,2026-04-20,15.926067899109565,0
23,2026-04-19,21.06557905750281,0
23,2026-04-18,18.03563555016234,0
23,2026-04-17,26.50519775370722,0
23,2026-04-16,16.94340478417366,0
23,2026-04-15,18.4604946500068,0
23,2026-04-14,20.846860144799063,0
23,2026-04-13,22.43704156292937,0
23,2026-04-12,20.825861531182614,0
23,2026-04-11,17.382621885366774,0
23,2026-04-10,23.841160507983542,0
23,2026-04-09,15.649451963162466,0
23,2026-04-08,29.375757293091425,0
24,2026-04-22,14.0401200397712,0
24,2026-04-21,11.939248221968175,0
24,2026-04-20,8.815847857232699,0
24,2026-04-19,14.078416362638256,0
24,2026-04-18,5.165338408788978,0
24,2026-04-17,8.633146139195185,0
24,2026-04-16,9.884470312779737,0
24,2026-04-15,10.65455401848011,0
24,2026-04-14,7.476490664641618,0
24,2026-04-13,10.457235870023425,0
24,2026-04-12,8.5131682461906,0
24,2026-04-11,9.44097765308713,0
24,2026-04-10,9.772527391362734,0
24,2026-04-09,11.430950959862919,0
24,2026-04-08,9.231203340339274,0
25,2026-04-22,18.09209592876956,0
25,2026-04-21,19.80587920510538,0
25,2026-04-20,15.066577769479476,0
25,2026-04-19,13.897490856240633,0
25,2026-04-18,14.15036157135285,0
25,2026-04-17,14.643607414831191,0
25,2026-04-16,19.11092952978644,0
25,2026-04-15,22.914054709791564,0
25,2026-04-14,12.851248363616405,0
25,2026-04-13,17.191781415012642,0
25,2026-04-12,21.53058688513498,0
25,2026-04-11,22.058518108512704,0
25,2026-04-10,17.377477968037063,0
25,2026-04-09,15.770090645509484,0
25,2026-04-08,20.87352446438919,0
26,2026-04-22,15.35669389438038,0
26,2026-04-21,17.27951786296848,0
26,2026-04-20,13.037645110350166,0
26,2026-04-19,15.434058790164558,0
26,2026-04-18,16.801758578346057,0
26,2026-04-17,16.47912560147715,0
26,2026-04-16,20.87346523799047,0
26,2026-04-15,14.656466035127968,0
26,2026-04-14,21.073615821275343,0
26,2026-04-13,22.028848749638104,0
26,2026-04-12,16.244073820496308,0
26,2026-04-11,20.92966489847324,0
26,2026-04-10,14.365338339698884,0
26,2026-04-09,20.38373546900174,0
26,2026-04-08,14.799667609684128,0
27,2026-04-22,8.64369315869955,0
27,2026-04-21,2.8186889935972346,0
27,2026-04-20,7.413576002292695,0
27,2026-04-19,9.369256248400239,0
27,2026-04-18,6.13945699978356,0
27,2026-04-17,7.409775650631294,0
27,2026-04-16,7.272586499384641,0
27,2026-04-15,8.40719991905441,0
27,2026-04-14,10.767591531673572,0
27,2026-04-13,10.333038097335299,0
27,2026-04-12,5.108964577160785,0
27,2026-04-11,7.102423971052321,0
27,2026-04-10,6.23381288177679,0
27,2026-04-09,7.586896940916823,0
27,2026-04-08,9.273836289271642,0
28,2026-04-22,21.153997023651964,1
28,2026-04-21,4.969753421600816,1
28,2026-04-20,18.29562642516698,1
28,2026-04-19,3.172523313456154,1
28,2026-04-18,12.633881661052884,1
28,2026-04-17,20.11100524107379,1
28,2026-04-16,14.135100486558768,1
28,2026-04-15,20.209726349468387,1
28,2026-04-14,21.383083963845284,1
28,2026-04-13,20.253706293509666,1
28,2026-04-12,3.992492894410851,1
28,2026-04-11,21.685437670702655,1
28,2026-04-10,1.8597470792336437,1
28,2026-04-09,6.705502435505615,1
28,2026-04-08,15.854270510608764,1
29,2026-04-22,13.144930167237458,0
29,2026-04-21,10.987639054430304,0
29,2026-04-20,8.640038152578716,0
29,2026-04-19,7.173021162833346,0
29,2026-04-18,6.910422480844323,0
29,2026-04-17,5.639532508449656,0
29,2026-04-16,7.882829201221499,0
29,2026-04-15,5.678728988566242,0
29,2026-04-14,6.335855183400709,0
29,2026-04-13,7.683764408976813,0
29,2026-04-12,7.207024742526341,0
29,2026-04-11,5.070960957090218,0
29,2026-04-10,7.902741401959269,0
29,2026-04-09,4.649070197571865,0
29,2026-04-08,6.643871474324112,0
30,2026-04-22,4.310838371709056,0
30,2026-04-21,9.54776869571617,0
30,2026-04-20,7.775161566299339,0
30,2026-04-19,4.276510362865667,0
30,2026-04-18,7.823267651794976,0
30,2026-04-17,8.182056027578263,0
30,2026-04-16,7.3247095624114715,0
30,2026-04-15,10.40592365241549,0
30,2026-04-14,3.9751348279674494,0
30,2026-04-13,6.885789758357447,0
30,2026-04-12,7.960098418588138,0
30,2026-04-11,5.421523834574509,0
30,2026-04-10,5.342584308813737,0
30,2026-04-09,3.908359590901988,0
30,2026-04-08,4.97232782005613,0
31,2026-04-22,9.858889179518298,0
31,2026-04-21,6.6299831896545145,0
31,2026-04-20,11.810814791286488,0
31,2026-04-19,6.265929843642949,0
31,2026-04-18,11.46974223052708,0
31,2026-04-17,7.868966314954952,0
31,2026-04-16,8.86213749729219,0
31,2026-04-15,9.899411136666998,0
31,2026-04-14,9.918150015323057,0
31,2026-04-13,15.379385478639454,0
31,2026-04-12,7.892394173901062,0
31,2026-04-11,8.370268960641349,0
31,2026-04-10,12.80373870021523,0
31,2026-04-09,16.162579922661266,0
31,2026-04-08,11.260770417969193,0
32,2026-04-22,10.948182537763879,0
32,2026-04-21,13.658585753160041,0
32,2026-04-20,14.665012803607354,0
32,2026-04-19,13.04945094792787,0
32,2026-04-18,10.831715265277895,0
32,2026-04-17,10.88942430944927,0
32,2026-04-16,12.300092186625644,0
32,2026-04-15,14.418672415061843,0
32,2026-04-14,13.31364361814394,0
32,2026-04-13,12.902691352760481,0
32,2026-04-12,9.196141139314653,0
32,2026-04-11,13.00123186461351,0
32,2026-04-10,12.518958394288395,0
32,2026-04-09,13.70800842120118,0
32,2026-04-08,8.831195738853271,0
33,2026-04-22,17.86018546964542,0
33,2026-04-21,13.30410869409338,0
33,2026-04-20,23.402116795610734,0
33,2026-04-19,25.335229147884068,0
33,2026-04-18,18.511280349629583,0
33,2026-04-17,23.40520427288639,0
33,2026-04-16,17.971041814644593,0
33,2026-04-15,22.042695802681575,0
33,2026-04-14,23.08673660996986,0
33,2026-04-13,17.880357204638933,0
33,2026-04-12,21.152578588083646,0
33,2026-04-11,20.001710142275062,0
33,2026-04-10,17.908930399955135,0
33,2026-04-09,15.892157957982013,0
33,2026-04-08,22.421478051659044,0
34,2026-04-22,9.289776504364722,0
34,2026-04-21,6.180867026613375,0
34,2026-04-20,9.416798760566774,0
34,2026-04-19,7.140736479050165,0
34,2026-04-18,7.194568202271639,0
34,2026-04-17,10.632093667573658,0
34,2026-04-16,3.476594865707491,0
34,2026-04-15,8.349106817931943,0
34,2026-04-14,9.601126250347656,0
34,2026-04-13,12.849544846103582,0
34,2026-04-12,8.016986152758767,0
34,2026-04-11,9.629801752322276,0
34,2026-04-10,10.120106434760443,0
34,2026-04-09,6.843886304615336,0
34,2026-04-08,10.798632965384833,0
35,2026-04-22,9.802440230103976,0
35,2026-04-21,11.21990833404971,0
35,2026-04-20,13.255830055220795,0
35,2026-04-19,12.062402167005766,0
35,2026-04-18,13.08400778940288,0
35,2026-04-17,9.291389776093713,0
35,2026-04-16,13.585798591840605,0
35,2026-04-15,10.379078900290983,0
35,2026-04-14,15.388794157065547,0
35,2026-04-13,17.847837433814863,0
35,2026-04-12,10.815975815331784,0
35,2026-04-11,15.276797355867455,0
35,2026-04-10,8.995650288278703,0
35,2026-04-09,15.957504977895782,0
35,2026-04-08,11.525882602909132,0
36,2026-04-22,41.210413743363645,1
36,2026-04-21,18.636639733819734,1
36,2026-04-20,18.573328527629585,1
36,2026-04-19,21.094145328811457,1
36,2026-04-18,6.75753151316062,1
36,2026-04-17,22.904119254740287,1
36,2026-04-16,21.15318191280668,1
36,2026-04-15,18.184407444985222,1
36,2026-04-14,7.491303838139207,1
36,2026-04-13,11.50088929258563,1
36,2026-04-12,5.54559221205099,1
36,2026-04-11,20.77460037498574,1
36,2026-04-10,13.755173292266225,1
36,2026-04-09,13.318731193268627,1
36,2026-04-08,20.033305452017643,1
37,2026-04-22,6.5973076186718,0
37,2026-04-21,6.918064786613853,0
37,2026-04-20,5.179721015416936,0
37,2026-04-19,7.851248513843618,0
37,2026-04-18,11.950996842916327,0
37,2026-04-17,4.517739056532465,0
37,2026-04-16,4.528738889626563,0
37,2026-04-15,4.050876447371633,0
37,2026-04-14,11.492523382576197,0
37,2026-04-13,7.855483173035762,0
37,2026-04-12,3.2296297611732907,0
37,2026-04-11,7.120442269821486,0
37,2026-04-10,7.83563712092693,0
37,2026-04-09,4.730919305368309,0
37,2026-04-08,10.639304765965147,0
38,2026-04-22,5.328972549889513,0
38,2026-04-21,3.314021501506261,0
38,2026-04-20,9.442334845771311,0
38,2026-04-19,4.361035074400602,0
38,2026-04-18,6.210242814826523,0
38,2026-04-17,7.042820583926709,0
38,2026-04-16,5.443201253351016,0
38,2026-04-15,8.43960644485885,0
38,2026-04-14,3.02799978545585,0
38,2026-04-13,5.382614965664028,0
38,2026-04-12,2.315407656203326,0
38,2026-04-11,6.501456358814742,0
38,2026-04-10,10.737329669409908,0
38,2026-04-09,3.138787516227194,0
38,2026-04-08,5.4706594298959565,0
39,2026-04-22,7.46379330694815,0
39,2026-04-21,9.88393560039542,0
39,2026-04-20,12.526061677400895,0
39,2026-04-19,9.052404613506413,0
39,2026-04-18,7.474573495715794,0
39,2026-04-17,8.989175235842158,0
39,2026-04-16,8.652350430292117,0
39,2026-04-15,11.003602438604089,0
39,2026-04-14,4.717861977831462,0
39,2026-04-13,10.603430387544726,0
39,2026-04-12,6.945042943006783,0
39,2026-04-11,7.467816041033092,0
39,2026-04-10,8.926740620141404,0
39,2026-04-09,8.270585096317895,0
39,2026-04-08,6.633528137623793,0
40,2026-04-22,21.320557586847034,0
40,2026-04-21,19.16048914709976,0
40,2026-04-20,13.769826485601973,0
40,2026-04-19,19.11989878212101,0
40,2026-04-18,20.489000000506557,0
40,2026-04-17,13.811136774157806,0
40,2026-04-16,17.903729407472316,0
40,2026-04-15,19.104676549292986,0
40,2026-04-14,18.247726336091656,0
40,2026-04-13,22.381711651399204,0
40,2026-04-12,14.955375236889148,0
40,2026-04-11,20.439046801097263,0
40,2026-04-10,14.454808245713354,0
40,2026-04-09,17.439391799971673,0
40,2026-04-08,17.72434228496791,0
41,2026-04-22,16.717709866004327,0
41,2026-04-21,8.730042981868396,0
41,2026-04-20,9.096327113156839,0
41,2026-04-19,9.596473833025215,0
41,2026-04-18,15.240434005877196,0
41,2026-04-17,8.29152074597013,0
41,2026-04-16,9.812158722751908,0
41,2026-04-15,6.713924743326653,0
41,2026-04-14,10.789863059247581,0
41,2026-04-13,11.73164213020805,0
41,2026-04-12,8.237442477053472,0
41,2026-04-11,15.085805313952653,0
41,2026-04-10,14.184396306470534,0
41,2026-04-09,9.028331966031779,0
41,2026-04-08,13.290100027445884,0
42,2026-04-22,6.424206946511665,0
42,2026-04-21,9.510587286884858,0
42,2026-04-20,9.940600832583597,0
42,2026-04-19,6.798718210176024,0
42,2026-04-18,8.027855272876101,0
42,2026-04-17,8.451391751168655,0
42,2026-04-16,8.909117525168067,0
42,2026-04-15,14.428049377844557,0
42,2026-04-14,12.721250377704752,0
42,2026-04-13,7.698436664083066,0
42,2026-04-12,6.606790724073102,0
42,2026-04-11,7.692613661537289,0
42,2026-04-10,13.25947264346756,0
42,2026-04-09,9.994049126774902,0
42,2026-04-08,14.17206944738512,0
43,2026-04-22,29.881487724828673,1
43,2026-04-21,1.095629766527596,1
43,2026-04-20,6.208514061199011,1
43,2026-04-19,8.269099182450548,1
43,2026-04-18,1.79894629582645,1
43,2026-04-17,11.045657143483881,1
43,2026-04-16,1.4365365003284345,1
43,2026-04-15,4.439036509396042,1
43,2026-04-14,20.343788584557203,1
43,2026-04-13,6.5774192705675745,1
43,2026-04-12,18.393840263911244,1
43,2026-04-11,5.396281054326844,1
43,2026-04-10,7.531369192251359,1
43,2026-04-09,1.9241299083688113,1
43,2026-04-08,5.7868052918822785,1
44,2026-04-22,12.017275155303636,0
44,2026-04-21,14.474502108231645,0
44,2026-04-20,15.417671044479771,0
44,2026-04-19,13.970973330800675,0
44,2026-04-18,18.604053509236998,0
44,2026-04-17,13.677892161279877,0
44,2026-04-16,11.163180201027293,0
44,2026-04-15,11.745433988916924,0
44,2026-04-14,20.8792995656655,0
44,2026-04-13,8.048756540285147,0
44,2026-04-12,12.430246869600994,0
44,2026-04-11,12.630586226917396,0
44,2026-04-10,14.661122757579141,0
44,2026-04-09,14.201771431821465,0
44,2026-04-08,11.997661227947326,0
45,2026-04-22,22.224690918455817,1
45,2026-04-21,7.91705686525033,1
45,2026-04-20,17.487532815784714,1
45,2026-04-19,8.256812575157287,1
45,2026-04-18,45.10648574249515,1
45,2026-04-17,2.432623296964676,1
45,2026-04-16,1.218915523797664,1
45,2026-04-15,20.722017371879673,1
45,2026-04-14,4.362715547701851,1
45,2026-04-13,3.901858069812491,1
45,2026-04-12,2.428412645951525,1
45,2026-04-11,41.15085319140635,1
45,2026-04-10,40.063606708228825,1
45,2026-04-09,11.417541349715679,1
45,2026-04-08,2.5893286337387194,1
46,2026-04-22,7.899329538682097,1
46,2026-04-21,6.623317138229973,1
46,2026-04-20,24.21239652595321,1
46,2026-04-19,7.567714436732499,1
46,2026-04-18,25.202560936183215,1
46,2026-04-17,2.8820118240345614,1
46,2026-04-16,7.247354884983309,1
46,2026-04-15,8.929866292714662,1
46,2026-04-14,3.536698207082405,1
46,2026-04-13,16.49377112395536,1
46,2026-04-12,2.5388688517656375,1
46,2026-04-11,13.418852444876897,1
46,2026-04-10,1.5507404280500077,1
46,2026-04-09,1.763530983094164,1
46,2026-04-08,46.782652671002424,1
47,2026-04-22,5.691970230709398,0
47,2026-04-21,9.78352361083482,0
47,2026-04-20,5.5714643051526975,0
47,2026-04-19,7.161547334954512,0
47,2026-04-18,7.477549129093087,0
47,2026-04-17,6.754252555811444,0
47,2026-04-16,4.477369673033808,0
47,2026-04-15,6.136362845553181,0
47,2026-04-14,5.858025808120726,0
47,2026-04-13,2.1904237930265005,0
47,2026-04-12,7.233821815855292,0
47,2026-04-11,5.412071597228205,0
47,2026-04-10,2.7195847875268835,0
47,2026-04-09,4.974855323818417,0
47,2026-04-08,8.386401228094421,0
48,2026-04-22,5.727550848105703,0
48,2026-04-21,9.942747968864712,0
48,2026-04-20,2.9522783434338096,0
48,2026-04-19,9.554188769154369,0
48,2026-04-18,4.515298284212471,0
48,2026-04-17,5.719604467230224,0
48,2026-04-16,1.4769363938764568,0
48,2026-04-15,5.212646939332329,0
48,2026-04-14,5.900124823781904,0
48,2026-04-13,4.678245055013143,0
48,2026-04-12,4.723108913714832,0
48,2026-04-11,7.528132394172963,0
48,2026-04-10,6.8447031431851,0
48,2026-04-09,5.221006391536898,0
48,2026-04-08,12.101357255141998,0
49,2026-04-22,24.55080202917899,0
49,2026-04-21,24.85468019044287,0
49,2026-04-20,21.069734558528094,0
49,2026-04-19,29.683756183662425,0
49,2026-04-18,22.588005883667044,0
49,2026-04-17,17.85233580029482,0
49,2026-04-16,23.92574805322215,0
49,2026-04-15,15.851071206919045,0
49,2026-04-14,25.83423369805852,0
49,2026-04-13,21.22126014372965,0
49,2026-04-12,20.23089550081438,0
49,2026-04-11,24.94256222247178,0
49,2026-04-10,16.998061081319076,0
49,2026-04-09,24.60777930608383,0
49,2026-04-08,19.74861381817193,0
50,2026-04-22,21.276524328127817,0
50,2026-04-21,21.337601877751144,0
50,2026-04-20,18.993554152953013,0
50,2026-04-19,17.87671160735696,0
50,2026-04-18,16.07574283956891,0
50,2026-04-17,17.97444470945289,0
50,2026-04-16,19.25519953232704,0
50,2026-04-15,19.16050279768055,0
50,2026-04-14,13.675435461520946,0
50,2026-04-13,13.77352861251026,0
50,2026-04-12,18.61506546553023,0
50,2026-04-11,22.3509785074533,0
50,2026-04-10,14.412495517361068,0
50,2026-04-09,20.941530975652878,0
50,2026-04-08,17.82769826966439,0
51,2026-04-22,7.636693102792531,0
51,2026-04-21,9.70340543387736,0
51,2026-04-20,8.81228357416987,0
51,2026-04-19,7.171536276331055,0
51,2026-04-18,8.273578975413402,0
51,2026-04-17,11.719317984482998,0
51,2026-04-16,13.449369292333461,0
51,2026-04-15,9.21538782804282,0
51,2026-04-14,8.74736905452397,0
51,2026-04-13,9.557031073892826,0
51,2026-04-12,10.856517298233475,0
51,2026-04-11,13.611258288465004,0
51,2026-04-10,12.828110089636665,0
51,2026-04-09,7.6223382689256,0
51,2026-04-08,10.214049744923251,0
52,2026-04-22,5.0503523035712075,0
52,2026-04-21,6.564590920654878,0
52,2026-04-20,8.760081569658244,0
52,2026-04-19,9.309406989102628,0
52,2026-04-18,9.744751234396462,0
52,2026-04-17,11.711763838113884,0
52,2026-04-16,7.211455492321236,0
52,2026-04-15,8.78164566320296,0
52,2026-04-14,4.933436503518478,0
52,2026-04-13,10.559891726150058,0
52,2026-04-12,10.295717598991683,0
52,2026-04-11,8.487520269547577,0
52,2026-04-10,8.45947345419503,0
52,2026-04-09,6.812332154407069,0
52,2026-04-08,9.11615413560296,0
53,2026-04-22,5.9670813117592925,1
53,2026-04-21,1.2521840899527208,1
53,2026-04-20,1.435118235546961,1
53,2026-04-19,6.600610653448051,1
53,2026-04-18,10.183914075310664,1
53,2026-04-17,7.309525346090449,1
53,2026-04-16,0.9394496829469081,1
53,2026-04-15,1.045106894566775,1
53,2026-04-14,2.481875237942999,1
53,2026-04-13,8.100006397031082,1
53,2026-04-12,9.804799446421184,1
53,2026-04-11,7.4869614111713565,1
53,2026-04-10,2.3727880412890014,1
53,2026-04-09,7.644008813573448,1
53,2026-04-08,24.839927892490135,1
54,2026-04-22,10.970417577536955,0
54,2026-04-21,3.0386152332109555,0
54,2026-04-20,4.946060056905228,0
54,2026-04-19,4.2788763102082195,0
54,2026-04-18,6.0332653495162285,0
54,2026-04-17,5.255139613799153,0
54,2026-04-16,5.640515039161784,0
54,2026-04-15,4.781609337618033,0
54,2026-04-14,8.228674254813386,0
54,2026-04-13,5.720193467463024,0
54,2026-04-12,3.8621742458854866,0
54,2026-04-11,6.229968066912934,0
54,2026-04-10,6.9491000981943785,0
54,2026-04-09,5.976185231289458,0
54,2026-04-08,10.949001808963764,0
55,2026-04-22,4.617834086861623,0
55,2026-04-21,11.943002464313219,0
55,2026-04-20,6.237679185109104,0
55,2026-04-19,6.184243052037039,0
55,2026-04-18,4.294059579572105,0
55,2026-04-17,7.060099366656751,0
55,2026-04-16,6.907649898703022,0
55,2026-04-15,2.3109091535165236,0
55,2026-04-14,6.113373066362604,0
55,2026-04-13,6.972612979746965,0
55,2026-04-12,11.283600479122832,0
55,2026-04-11,9.141334601226758,0
55,2026-04-10,4.7063628775580035,0
55,2026-04-09,6.654138870143647,0
55,2026-04-08,6.899629753008731,0
56,2026-04-22,11.587771200586767,0
56,2026-04-21,16.2415527349773,0
56,2026-04-20,12.964969481546467,0
56,2026-04-19,16.995887273057082,0
56,2026-04-18,10.834439509288377,0
56,2026-04-17,11.209352500936385,0
56,2026-04-16,14.311250859948284,0
56,2026-04-15,11.938207537541297,0
56,2026-04-14,20.614435963022334,0
56,2026-04-13,18.957640650451467,0
56,2026-04-12,10.713561614300762,0
56,2026-04-11,15.915862991868018,0
56,2026-04-10,15.137762110276936,0
56,2026-04-09,15.393800473049197,0
56,2026-04-08,16.01304581168697,0
57,2026-04-22,12.220477042435215,0
57,2026-04-21,6.6069878882369295,0
57,2026-04-20,7.60470718781885,0
57,2026-04-19,11.487575771414475,0
57,2026-04-18,7.979371372650684,0
57,2026-04-17,11.757484285795158,0
57,2026-04-16,9.120810639744128,0
57,2026-04-15,8.295885320677899,0
57,2026-04-14,11.270473569969038,0
57,2026-04-13,8.135573315558089,0
57,2026-04-12,7.0322072614057065,0
57,2026-04-11,7.572150538342303,0
57,2026-04-10,12.912073312974895,0
57,2026-04-09,10.76678246084601,0
57,2026-04-08,7.994704208444454,0
58,2026-04-22,12.977709718494609,0
58,2026-04-21,9.404462927390657,0
58,2026-04-20,11.030754422809284,0
58,2026-04-19,13.30036274806064,0
58,2026-04-18,10.384447202351755,0
58,2026-04-17,10.190632179948734,0
58,2026-04-16,14.234909923808344,0
58,2026-04-15,7.978531659654622,0
58,2026-04-14,12.641959394686891,0
58,2026-04-13,12.692161587697067,0
58,2026-04-12,12.069692471203595,0
58,2026-04-11,15.889899982406524,0
58,2026-04-10,17.55340290699389,0
58,2026-04-09,12.754380674518083,0
58,2026-04-08,9.798312105597429,0
59,2026-04-22,8.513136178184473,1
59,2026-04-21,2.7164318456823127,1
59,2026-04-20,5.6515521932198105,1
59,2026-04-19,4.638384626150422,1
59,2026-04-18,1.5886801518658307,1
59,2026-04-17,8.46538850966387,1
59,2026-04-16,2.996428858673431,1
59,2026-04-15,13.547830784835245,1
59,2026-04-14,3.486449380252248,1
59,2026-04-13,7.019620731964029,1
59,2026-04-12,3.4985825056974105,1
59,2026-04-11,2.2200267627046086,1
59,2026-04-10,5.036427714418746,1
59,2026-04-09,7.223663495221887,1
59,2026-04-08,3.5325852543620706,1
60,2026-04-22,13.309354240293203,0
60,2026-04-21,12.368369159252413,0
60,2026-04-20,19.391962569480736,0
60,2026-04-19,15.152849169024705,0
60,2026-04-18,16.74070754930418,0
60,2026-04-17,17.01656274200502,0
60,2026-04-16,13.74035913801871,0
60,2026-04-15,18.386517999631184,0
60,2026-04-14,16.4505729738909,0
60,2026-04-13,13.88672097237343,0
60,2026-04-12,13.558173910615889,0
60,2026-04-11,12.736643853641933,0
60,2026-04-10,17.959463698028873,0
60,2026-04-09,15.400471410698067,0
60,2026-04-08,21.644543596011143,0
61,2026-04-22,7.003059012816502,0
61,2026-04-21,4.634125824842025,0
61,2026-04-20,11.236750335853301,0
61,2026-04-19,9.216791865445241,0
61,2026-04-18,7.99981601760584,0
61,2026-04-17,10.482871465571648,0
61,2026-04-16,11.901159124133523,0
61,2026-04-15,10.715470145353772,0
61,2026-04-14,9.927290459327677,0
61,2026-04-13,9.043020073383433,0
61,2026-04-12,15.037584119018302,0
61,2026-04-11,5.617516980448516,0
61,2026-04-10,9.749889777099114,0
61,2026-04-09,7.971151893570073,0
61,2026-04-08,7.030063611156845,0
62,2026-04-22,14.026706822221653,0
62,2026-04-21,16.88193589336745,0
62,2026-04-20,21.74835347995736,0
62,2026-04-19,14.21131118518743,0
62,2026-04-18,17.279080633311416,0
62,2026-04-17,18.443236112470426,0
62,2026-04-16,20.001164530294968,0
62,2026-04-15,19.659483808439408,0
62,2026-04-14,15.953316105761507,0
62,2026-04-13,26.714397671143914,0
62,2026-04-12,16.837678712523786,0
62,2026-04-11,21.362453501805426,0
62,2026-04-10,17.900882671832008,0
62,2026-04-09,16.165665263238715,0
62,2026-04-08,17.121770304681963,0
63,2026-04-22,5.778997260261975,0
63,2026-04-21,12.53554790139427,0
63,2026-04-20,9.854893254641786,0
63,2026-04-19,7.939970861293283,0
63,2026-04-18,8.669646324984184,0
63,2026-04-17,6.939592914518586,0
63,2026-04-16,6.427357939221015,0
63,2026-04-15,7.058496122394689,0
63,2026-04-14,6.463173640553991,0
63,2026-04-13,7.907299264468936,0
63,2026-04-12,7.381822590116041,0
63,2026-04-11,13.464397025169026,0
63,2026-04-10,8.645972233705045,0
63,2026-04-09,7.9368343938201384,0
63,2026-04-08,8.83265890726185,0
64,2026-04-22,18.076263540467064,0
64,2026-04-21,13.287814612858828,0
64,2026-04-20,12.786945192484366,0
64,2026-04-19,11.543493254546194,0
64,2026-04-18,17.744888280048354,0
64,2026-04-17,12.864041046642605,0
64,2026-04-16,14.992363602762957,0
64,2026-04-15,14.361107165779355,0
64,2026-04-14,15.81520635108036,0
64,2026-04-13,13.309947871767555,0
64,2026-04-12,12.998997200704213,0
64,2026-04-11,12.56339952444407,0
64,2026-04-10,10.056531900872931,0
64,2026-04-09,13.46302645517491,0
64,2026-04-08,22.84993975039407,0
65,2026-04-22,18.126435581012988,0
65,2026-04-21,10.031228644073861,0
65,2026-04-20,10.784654131537192,0
65,2026-04-19,11.02295858018426,0
65,2026-04-18,11.806982606859098,0
65,2026-04-17,8.225674776508502,0
65,2026-04-16,12.785458896197442,0
65,2026-04-15,9.087287277092209,0
65,2026-04-14,17.823423952948637,0
65,2026-04-13,12.802581584184347,0
65,2026-04-12,12.557738583107332,0
65,2026-04-11,13.005183273298643,0
65,2026-04-10,12.654173307215881,0
65,2026-04-09,12.250406305772811,0
65,2026-04-08,13.094000026009327,0
66,2026-04-22,2.958600184455722,0
66,2026-04-21,6.2206529921418605,0
66,2026-04-20,7.381699135169342,0
66,2026-04-19,2.125695245489146,0
66,2026-04-18,5.517070702156358,0
66,2026-04-17,4.011821337680053,0
66,2026-04-16,5.220110937249855,0
66,2026-04-15,5.8055709110226035,0
66,2026-04-14,6.067447091790209,0
66,2026-04-13,3.752451665264584,0
66,2026-04-12,3.256234791055675,0
66,2026-04-11,4.8938116727654775,0
66,2026-04-10,6.284353991742384,0
66,2026-04-09,1.7939995582211798,0
66,2026-04-08,6.624167037972124,0
67,2026-04-22,11.715768072343051,0
67,2026-04-21,10.892457134327167,0
67,2026-04-20,14.013214784207431,0
67,2026-04-19,11.019441344994432,0
67,2026-04-18,6.113017565702756,0
67,2026-04-17,10.335659525963452,0
67,2026-04-16,11.282563668587757,0
67,2026-04-15,6.9873057056400745,0
67,2026-04-14,15.06106029035618,0
67,2026-04-13,6.742178470643552,0
67,2026-04-12,10.244515670974705,0
67,2026-04-11,6.9577350542621,0
67,2026-04-10,15.657777347922156,0
67,2026-04-09,4.783300280957501,0
67,2026-04-08,9.23588670952675,0
68,2026-04-22,18.591726090415953,1
68,2026-04-21,45.622323846039315,1
68,2026-04-20,9.158421944496157,1
68,2026-04-19,20.376930954812977,1
68,2026-04-18,58.196220641795954,1
68,2026-04-17,14.764510515501442,1
68,2026-04-16,17.083817808036144,1
68,2026-04-15,4.541811740006994,1
68,2026-04-14,19.4481168549359,1
68,2026-04-13,40.428065140649,1
68,2026-04-12,15.241495758736447,1
68,2026-04-11,58.363836457673024,1
68,2026-04-10,16.015423876037836,1
68,2026-04-09,8.041196900627469,1
68,2026-04-08,19.048558440782273,1
69,2026-04-22,21.390779637950587,0
69,2026-04-21,13.484255101107433,0
69,2026-04-20,12.231844774541042,0
69,2026-04-19,16.761194230411725,0
69,2026-04-18,16.557963674124043,0
69,2026-04-17,16.554589618170386,0
69,2026-04-16,16.570839492078413,0
69,2026-04-15,11.449611965024996,0
69,2026-04-14,18.629788601298472,0
69,2026-04-13,14.100169490181933,0
69,2026-04-12,16.04467724805039,0
69,2026-04-11,14.861705769921338,0
69,2026-04-10,22.237602916618236,0
69,2026-04-09,18.019309447781417,0
69,2026-04-08,15.274439923176951,0
70,2026-04-22,15.44942138857664,0
70,2026-04-21,15.833285915212343,0
70,2026-04-20,17.76856179837496,0
70,2026-04-19,21.621140707679807,0
70,2026-04-18,24.65437849215915,0
70,2026-04-17,16.16529743113821,0
70,2026-04-16,19.35698233258914,0
70,2026-04-15,14.014917468177075,0
70,2026-04-14,18.851810013777303,0
70,2026-04-13,17.296338161590118,0
70,2026-04-12,17.12292923676634,0
70,2026-04-11,15.354011012600399,0
70,2026-04-10,18.773816154249012,0
70,2026-04-09,15.785258871899824,0
70,2026-04-08,13.875422145700576,0
71,2026-04-22,15.764382072766887,0
71,2026-04-21,15.668836578412876,0
71,2026-04-20,14.866291385226543,0
71,2026-04-19,23.542242572886302,0
71,2026-04-18,14.831300646211803,0
71,2026-04-17,19.145461034177785,0
71,2026-04-16,19.53917468341231,0
71,2026-04-15,19.007355956846435,0
71,2026-04-14,25.747564760976964,0
71,2026-04-13,19.033350348004603,0
71,2026-04-12,18.921091057547777,0
71,2026-04-11,23.124608167806414,0
71,2026-04-10,16.98561464339746,0
71,2026-04-09,22.82111507529064,0
71,2026-04-08,24.721709336420748,0
72,2026-04-22,10.315493626346813,0
72,2026-04-21,10.61025253163958,0
72,2026-04-20,11.781805596237335,0
72,2026-04-19,11.668178370333248,0
72,2026-04-18,7.641120138480641,0
72,2026-04-17,6.109831227750883,0
72,2026-04-16,8.754964773409883,0
72,2026-04-15,11.916695404584898,0
72,2026-04-14,11.055811406644901,0
72,2026-04-13,4.865465396060845,0
72,2026-04-12,13.7137319654986,0
72,2026-04-11,14.134574397576742,0
72,2026-04-10,12.058222803597815,0
72,2026-04-09,6.00328164083134,0
72,2026-04-08,9.471780246682444,0
73,2026-04-22,18.610623801793633,0
73,2026-04-21,16.949410200617642,0
73,2026-04-20,16.16557846909627,0
73,2026-04-19,22.1062866899097,0
73,2026-04-18,25.01389364056814,0
73,2026-04-17,21.59675439576345,0
73,2026-04-16,19.775449780369193,0
73,2026-04-15,16.550550789557438,0
73,2026-04-14,17.56084465159626,0
73,2026-04-13,23.231621975394734,0
73,2026-04-12,19.285611080781493,0
73,2026-04-11,16.414851793818123,0
73,2026-04-10,20.054498799115855,0
73,2026-04-09,24.703466281676835,0
73,2026-04-08,21.53889931899942,0
74,2026-04-22,23.39586440575244,1
74,2026-04-21,3.608513470203055,1
74,2026-04-20,4.008722616660698,1
74,2026-04-19,10.033553276870848,1
74,2026-04-18,0.7793111669842442,1
74,2026-04-17,7.129424633883303,1
74,2026-04-16,7.305949385257679,1
74,2026-04-15,12.36551255014548,1
74,2026-04-14,9.976253577555898,1
74,2026-04-13,11.687478942829177,1
74,2026-04-12,11.55538592308851,1
74,2026-04-11,8.883246095825664,1
74,2026-04-10,2.7274208090886534,1
74,2026-04-09,9.11363537069336,1
74,2026-04-08,2.0917845866662685,1
75,2026-04-22,7.818387202887772,0
75,2026-04-21,8.633730572853962,0
75,2026-04-20,9.152218273688637,0
75,2026-04-19,9.56575438985175,0
75,2026-04-18,5.247002492879741,0
75,2026-04-17,9.701482473014176,0
75,2026-04-16,9.08118330424379,0
75,2026-04-15,9.382299914578304,0
75,2026-04-14,5.6120379129500435,0
75,2026-04-13,6.16546061798379,0
75,2026-04-12,8.858894143521768,0
75,2026-04-11,9.227818225845303,0
75,2026-04-10,9.117403629786214,0
75,2026-04-09,5.919651257755101,0
75,2026-04-08,6.680252399936461,0
76,2026-04-22,8.565491871736018,0
76,2026-04-21,7.949970714535681,0
76,2026-04-20,10.897519599550801,0
76,2026-04-19,10.782122848932069,0
76,2026-04-18,7.355172815880895,0
76,2026-04-17,9.926807405808407,0
76,2026-04-16,11.586762136344843,0
76,2026-04-15,8.7557834227456,0
76,2026-04-14,9.219037420835438,0
76,2026-04-13,6.7941667491619775,0
76,2026-04-12,9.739499191355264,0
76,2026-04-11,14.392444502745827,0
76,2026-04-10,9.03705260492483,0
76,2026-04-09,14.278898656185909,0
76,2026-04-08,10.126976983318935,0
77,2026-04-22,5.7646836661127665,0
77,2026-04-21,7.4750148489689225,0
77,2026-04-20,9.86144192352141,0
77,2026-04-19,10.901080304293062,0
77,2026-04-18,8.400811313660594,0
77,2026-04-17,6.316137281759627,0
77,2026-04-16,6.59604966226466,0
77,2026-04-15,6.335381000683018,0
77,2026-04-14,8.855372940256101,0
77,2026-04-13,8.784316487747416,0
77,2026-04-12,6.050074608368535,0
77,2026-04-11,7.938157413080794,0
77,2026-04-10,13.101591768024564,0
77,2026-04-09,7.805456243365286,0
77,2026-04-08,7.997931896294604,0
78,2026-04-22,9.848298968850687,0
78,2026-04-21,4.955772739530672,0
78,2026-04-20,4.415222076034804,0
78,2026-04-19,9.292494410415317,0
78,2026-04-18,4.4849978371298045,0
78,2026-04-17,9.522669605442486,0
78,2026-04-16,6.870759421066309,0
78,2026-04-15,6.6075538670396785,0
78,2026-04-14,10.590017549548898,0
78,2026-04-13,9.09628371539654,0
78,2026-04-12,6.514913863893266,0
78,2026-04-11,6.835633059701092,0
78,2026-04-10,6.592654224390916,0
78,2026-04-09,10.993776976435385,0
78,2026-04-08,8.574389386479497,0
79,2026-04-22,5.730400038206986,0
79,2026-04-21,7.005542719058233,0
79,2026-04-20,6.317687532657794,0
79,2026-04-19,6.845805470871066,0
79,2026-04-18,6.063685659160685,0
79,2026-04-17,5.512427074812793,0
79,2026-04-16,10.04996791204757,0
79,2026-04-15,6.641503563726937,0
79,2026-04-14,8.444610751044708,0
79,2026-04-13,7.565311219389247,0
79,2026-04-12,6.5115178813795085,0
79,2026-04-11,4.6976426834602405,0
79,2026-04-10,6.803948078408713,0
79,2026-04-09,5.872732212994582,0
79,2026-04-08,6.2657599913731765,0
80,2026-04-22,14.92486532763525,0
80,2026-04-21,13.320757465960876,0
80,2026-04-20,17.480491357239096,0
80,2026-04-19,13.94738373818882,0
80,2026-04-18,15.61845636166672,0
80,2026-04-17,15.653219496046765,0
80,2026-04-16,16.894575449681902,0
80,2026-04-15,9.79415786778856,0
80,2026-04-14,11.422247033736312,0
80,2026-04-13,16.715578950949013,0
80,2026-04-12,13.54165474529588,0
80,2026-04-11,10.157025316298913,0
80,2026-04-10,14.369702098067975,0
80,2026-04-09,12.265134436229495,0
80,2026-04-08,11.974729655517304,0
81,2026-04-22,19.85995152090985,0
81,2026-04-21,15.413126251787874,0
81,2026-04-20,16.707706277500087,0
81,2026-04-19,18.943767012970874,0
81,2026-04-18,21.277763834221183,0
81,2026-04-17,18.178091662885215,0
81,2026-04-16,14.89035041313526,0
81,2026-04-15,13.843652052361323,0
81,2026-04-14,18.34232011155927,0
81,2026-04-13,12.230373378490066,0
81,2026-04-12,17.104631004600247,0
81,2026-04-11,18.263324223877078,0
81,2026-04-10,11.549316104740168,0
81,2026-04-09,17.772788151571696,0
81,2026-04-08,17.297858029648957,0
82,2026-04-22,20.748706542543285,0
82,2026-04-21,23.17863534107463,0
82,2026-04-20,17.22355699927171,0
82,2026-04-19,19.875796434832125,0
82,2026-04-18,28.121120543438753,0
82,2026-04-17,20.254711459051286,0
82,2026-04-16,19.738956131721647,0
82,2026-04-15,15.679809245200056,0
82,2026-04-14,14.125405253509003,0
82,2026-04-13,17.0682082782995,0
82,2026-04-12,13.418290091522993,0
82,2026-04-11,14.878951475462962,0
82,2026-04-10,15.837765316121086,0
82,2026-04-09,13.855567893959574,0
82,2026-04-08,21.6336966910779,0
83,2026-04-22,9.252104018472334,0
83,2026-04-21,12.197475335188566,0
83,2026-04-20,7.731046203502474,0
83,2026-04-19,11.222645624540961,0
83,2026-04-18,9.5042640458635,0
83,2026-04-17,11.165047474500568,0
83,2026-04-16,8.76207015782064,0
83,2026-04-15,7.2969317530716085,0
83,2026-04-14,9.88648660168326,0
83,2026-04-13,17.764341226352066,0
83,2026-04-12,6.898695190863214,0
83,2026-04-11,10.045990088217719,0
83,2026-04-10,13.347198763772026,0
83,2026-04-09,9.237431768962717,0
83,2026-04-08,10.695514034475336,0
84,2026-04-22,5.6311340386245705,1
84,2026-04-21,9.538338569715675,1
84,2026-04-20,8.291511876542357,1
84,2026-04-19,5.150936710375423,1
84,2026-04-18,6.2186343026651345,1
84,2026-04-17,27.603169338670714,1
84,2026-04-16,8.582459069273554,1
84,2026-04-15,1.3022021234499044,1
84,2026-04-14,5.787251937337451,1
84,2026-04-13,36.905660220618024,1
84,2026-04-12,5.703512677834931,1
84,2026-04-11,10.810489390356565,1
84,2026-04-10,8.691018739589346,1
84,2026-04-09,2.5465466362968483,1
84,2026-04-08,4.985423678563446,1
85,2026-04-22,7.59342444785665,0
85,2026-04-21,5.941018323735752,0
85,2026-04-20,10.293401871907697,0
85,2026-04-19,9.868282308957545,0
85,2026-04-18,6.475660472409621,0
85,2026-04-17,7.350964286970087,0
85,2026-04-16,10.250566730594347,0
85,2026-04-15,6.923590075083934,0
85,2026-04-14,2.8530249285524927,0
85,2026-04-13,6.705628035002919,0
85,2026-04-12,5.96053412856643,0
85,2026-04-11,5.581546606576084,0
85,2026-04-10,5.337835279212453,0
85,2026-04-09,3.0174869002705176,0
85,2026-04-08,8.510168774918784,0
86,2026-04-22,20.413399156090737,0
86,2026-04-21,17.396210963608247,0
86,2026-04-20,13.980540751983071,0
86,2026-04-19,16.663748898325544,0
86,2026-04-18,29.98988744355478,0
86,2026-04-17,19.667496618627464,0
86,2026-04-16,16.400603635750194,0
86,2026-04-15,19.02305952288737,0
86,2026-04-14,22.517258536115335,0
86,2026-04-13,18.91498667804993,0
86,2026-04-12,19.33425150521849,0
86,2026-04-11,16.30419651028469,0
86,2026-04-10,17.80477613017935,0
86,2026-04-09,20.59658379661747,0
86,2026-04-08,23.685915568742125,0
87,2026-04-22,7.4017458757034404,0
87,2026-04-21,3.5914768769507925,0
87,2026-04-20,4.982878349316392,0
87,2026-04-19,9.967115152440995,0
87,2026-04-18,8.490754148147362,0
87,2026-04-17,7.352260624101661,0
87,2026-04-16,4.6892990865619035,0
87,2026-04-15,5.086229093607135,0
87,2026-04-14,5.318235777273038,0
87,2026-04-13,3.606380076111706,0
87,2026-04-12,4.3215200233747595,0
87,2026-04-11,7.279152244586859,0
87,2026-04-10,5.772123733215379,0
87,2026-04-09,8.71062520080519,0
87,2026-04-08,3.825572947997857,0
88,2026-04-22,16.497138745286165,1
88,2026-04-21,17.405743231340423,1
88,2026-04-20,18.21888555748283,1
88,2026-04-19,3.260377533304861,1
88,2026-04-18,12.465953903822067,1
88,2026-04-17,15.787460270881816,1
88,2026-04-16,12.886268150906428,1
88,2026-04-15,15.82655730776829,1
88,2026-04-14,72.47156025676418,1
88,2026-04-13,16.52113835102039,1
88,2026-04-12,20.581900299607458,1
88,2026-04-11,14.307982708996581,1
88,2026-04-10,14.744624414772014,1
88,2026-04-09,61.17297301356827,1
88,2026-04-08,20.898043170908018,1
89,2026-04-22,9.521186291946961,0
89,2026-04-21,8.337580559214727,0
89,2026-04-20,13.459913130908506,0
89,2026-04-19,12.95065368027776,0
89,2026-04-18,19.08324448877833,0
89,2026-04-17,13.413457696398874,0
89,2026-04-16,17.92677734722429,0
89,2026-04-15,9.056370500085798,0
89,2026-04-14,12.398902265014316,0
89,2026-04-13,10.236668438655965,0
89,2026-04-12,11.255112753609952,0
89,2026-04-11,15.789974800435914,0
89,2026-04-10,6.325712463513131,0
89,2026-04-09,10.875771499569177,0
89,2026-04-08,15.998313589999292,0
90,2026-04-22,7.087685229853043,0
90,2026-04-21,8.40740093639935,0
90,2026-04-20,9.792635546476664,0
90,2026-04-19,4.114460917003715,0
90,2026-04-18,8.109923777690746,0
90,2026-04-17,9.887557690469754,0
90,2026-04-16,4.481275644494252,0
90,2026-04-15,4.34943850566027,0
90,2026-04-14,5.8242137263608385,0
90,2026-04-13,6.299738122474639,0
90,2026-04-12,4.1722269115228485,0
90,2026-04-11,7.369010864831818,0
90,2026-04-10,4.839833586875712,0
90,2026-04-09,8.153408556533677,0
90,2026-04-08,6.782275241108313,0
91,2026-04-22,18.907678143106235,0
91,2026-04-21,10.508877275128482,0
91,2026-04-20,14.267178400943884,0
91,2026-04-19,17.35051859600242,0
91,2026-04-18,19.468015463562786,0
91,2026-04-17,13.5230129937727,0
91,2026-04-16,17.268942761369935,0
91,2026-04-15,12.942452022399866,0
91,2026-04-14,13.713523701717504,0
91,2026-04-13,15.158098760603847,0
91,2026-04-12,18.538079367464643,0
91,2026-04-11,9.358541377070607,0
91,2026-04-10,17.947254454333518,0
91,2026-04-09,18.437557655373418,0
91,2026-04-08,19.209132127219533,0
92,2026-04-22,21.761762492840276,0
92,2026-04-21,19.937573915297605,0
92,2026-04-20,18.437066321183266,0
92,2026-04-19,20.215904618318156,0
92,2026-04-18,21.31377642189271,0
92,2026-04-17,22.889180667802,0
92,2026-04-16,22.969716679490425,0
92,2026-04-15,21.7333228502947,0
92,2026-04-14,21.381149379694666,0
92,2026-04-13,18.849893223106978,0
92,2026-04-12,17.241866235215987,0
92,2026-04-11,27.82961927414059,0
92,2026-04-10,19.56176539214443,0
92,2026-04-09,16.59700238985829,0
92,2026-04-08,18.49902095302611,0
93,2026-04-22,10.318012775432988,0
93,2026-04-21,4.181983867249787,0
93,2026-04-20,9.302906976721884,0
93,2026-04-19,8.54043295714987,0
93,2026-04-18,10.710064584180754,0
93,2026-04-17,8.528140115536807,0
93,2026-04-16,6.94077668199514,0
93,2026-04-15,2.358026995058629,0
93,2026-04-14,5.16030699191743,0
93,2026-04-13,5.882783110654269,0
93,2026-04-12,3.5155784569136723,0
93,2026-04-11,9.41573133422771,0
93,2026-04-10,6.514369895395915,0
93,2026-04-09,5.629658708555909,0
93,2026-04-08,7.226264043848368,0
94,2026-04-22,4.404389765707829,0
94,2026-04-21,4.867334291394597,0
94,2026-04-20,6.062565922133437,0
94,2026-04-19,5.6118192958768125,0
94,2026-04-18,5.954943019823039,0
94,2026-04-17,3.7017032171289688,0
94,2026-04-16,8.560939677944763,0
94,2026-04-15,4.810988708703859,0
94,2026-04-14,8.598103167956905,0
94,2026-04-13,8.497069427879584,0
94,2026-04-12,10.297162484455953,0
94,2026-04-11,11.593247984090036,0
94,2026-04-10,6.441748984209598,0
94,2026-04-09,5.156661373332831,0
94,2026-04-08,0.20561771098489215,0
95,2026-04-22,22.83185135700669,0
95,2026-04-21,23.703794211299194,0
95,2026-04-20,16.600753357068044,0
95,2026-04-19,19.44098649296513,0
95,2026-04-18,16.54762895930034,0
95,2026-04-17,22.646614979806905,0
95,2026-04-16,20.08153874633961,0
95,2026-04-15,15.006521862089958,0
95,2026-04-14,23.4626953275434,0
95,2026-04-13,13.832076617890284,0
95,2026-04-12,21.60945611406002,0
95,2026-04-11,18.086348347500124,0
95,2026-04-10,17.470308528827324,0
95,2026-04-09,17.056792489924668,0
95,2026-04-08,17.340831665205254,0
96,2026-04-22,13.519761520746313,0
96,2026-04-21,13.510152467939355,0
96,2026-04-20,11.843595986877139,0
96,2026-04-19,13.267832047082276,0
96,2026-04-18,12.268262307352316,0
96,2026-04-17,15.513706104785085,0
96,2026-04-16,11.936512840058082,0
96,2026-04-15,15.244727672491473,0
96,2026-04-14,9.101212620099409,0
96,2026-04-13,21.504164790139928,0
96,2026-04-12,13.470979847542011,0
96,2026-04-11,13.674884293840684,0
96,2026-04-10,10.187283519927375,0
96,2026-04-09,12.047350767798537,0
96,2026-04-08,20.277795227009523,0
97,2026-04-22,13.620250662512174,0
97,2026-04-21,9.562473911769596,0
97,2026-04-20,12.744830298745494,0
97,2026-04-19,11.368556593704069,0
97,2026-04-18,12.530440908352318,0
97,2026-04-17,15.297391744121938,0
97,2026-04-16,9.139851136968954,0
97,2026-04-15,11.802945699393774,0
97,2026-04-14,14.088084053283138,0
97,2026-04-13,15.453145432183298,0
97,2026-04-12,9.591477350892378,0
97,2026-04-11,13.799305734053652,0
97,2026-04-10,11.934508376780627,0
97,2026-04-09,13.770728298751019,0
97,2026-04-08,13.961114248410864,0
98,2026-04-22,12.295168044029698,0
98,2026-04-21,6.825059442068921,0
98,2026-04-20,7.809567835280637,0
98,2026-04-19,6.0888258160467705,0
98,2026-04-18,7.781930614183985,0
98,2026-04-17,14.01903978333871,0
98,2026-04-16,9.729115744002394,0
98,2026-04-15,9.30310320785795,0
98,2026-04-14,12.122842586959727,0
98,2026-04-13,8.511658789121757,0
98,2026-04-12,8.199439071221137,0
98,2026-04-11,8.50317688882899,0
98,2026-04-10,7.956864019718136,0
98,2026-04-09,8.019465964747564,0
98,2026-04-08,8.34739898715387,0
99,2026-04-22,9.071906947386434,0
99,2026-04-21,8.294516664933338,0
99,2026-04-20,12.73296520101222,0
99,2026-04-19,10.189020342737773,0
99,2026-04-18,9.048763320735597,0
99,2026-04-17,5.962700323918817,0
99,2026-04-16,9.120915558965713,0
99,2026-04-15,8.84786281658805,0
99,2026-04-14,8.5980028897347,0
99,2026-04-13,10.478808152950867,0
99,2026-04-12,10.70109544711334,0
99,2026-04-11,6.527040130491464,0
99,2026-04-10,4.539197806094873,0
99,2026-04-09,11.095887395514062,0
99,2026-04-08,12.284203892084129,0
